date,event name,501 3DA,max min,url
2024,PDC Players Championship Tour,91.5,110.7 74.6,https://leaderboard.dartconnect.com/leaderboard#t-t_591-singles_01_501_si_do-all-all-all-all-all
2024,PDC Qualifying School 2024,78.8,104.9 44.1,https://leaderboard.dartconnect.com/leaderboard#t-t_636-singles_01_501_si_do-all-all-all-all-all
2023,PDC Asia - China Premier League,79.6,94.6 63.4,https://leaderboard.dartconnect.com/leaderboard#t-t_344-singles_01_501_si_do-all-all-all-all-all
2023,PDC Asia - China Series A League,66.2,78.0 53.8,https://leaderboard.dartconnect.com/leaderboard#t-t_346-singles_01_501_si_do-all-all-all-all-all
2023,PDC Challenge Tour,81.7,142.2 49.5,https://leaderboard.dartconnect.com/leaderboard#t-t_366-singles_01_501_si_do-all-all-all-all-all
2023,PDC Development Tour,73.6,113.2 36.4,https://leaderboard.dartconnect.com/leaderboard#t-t_372-singles_01_501_si_do-all-all-all-all-all
2023,PDC Players Championship Tour,92.0,117.5 60.8,https://leaderboard.dartconnect.com/leaderboard#t-t_369-singles_01_501_si_do-all-all-all-all-all
2023,PDC Women's Series,64.3,98.8 30.4,https://leaderboard.dartconnect.com/leaderboard#t-t_375-singles_01_501_si_do-all-all-all-all-all
2023,PDC Qualifying School 2023,78.9,106.2 42.1,https://leaderboard.dartconnect.com/leaderboard#t-t_348-singles_01_501_si_do-all-all-all-all-all
2022,PDC Challenge Tour,81.3,117.0 45.9,https://leaderboard.dartconnect.com/leaderboard#t-t_193-singles_01_501_si_do-all-all-all-all-all
2022,PDC China Premier League,79.1,95.3 59.8,https://leaderboard.dartconnect.com/leaderboard#t-t_292-singles_01_501_si_do-all-all-all-all-all
2022,PDC China Series A League,69.4,88.3 49.0,https://leaderboard.dartconnect.com/leaderboard#t-t_294-singles_01_501_si_do-all-all-all-all-all
2022,PDC Development Tour,72.9,108.9 34.0,https://leaderboard.dartconnect.com/leaderboard#t-t_213-singles_01_501_si_do-all-all-all-all-all
2022,PDC Nordic & Baltic Euro Qualifiers,76.2,94.0 52.1,https://leaderboard.dartconnect.com/leaderboard#t-t_235-singles_01_501_si_do-all-all-all-all-all
2022,PDC Players Championship Tour,92.0,113.2 70.6,https://leaderboard.dartconnect.com/leaderboard#t-t_201-singles_01_501_si_do-all-all-all-all-all
2022,PDC Women's Series,62.1,98.8 28.8,https://leaderboard.dartconnect.com/leaderboard#t-t_243-singles_01_501_si_do-all-all-all-all-all
2022,PDC European Tour Associate Member Qualifiers,79.8,99.2 53.0,https://leaderboard.dartconnect.com/leaderboard#t-t_225-singles_01_501_si_do-all-all-all-all-all
2022,PDC European Tour Host Nation Qualifiers,74.4,101.9 41.8,https://leaderboard.dartconnect.com/leaderboard#t-t_227-singles_01_501_si_do-all-all-all-all-all
2022,PDC European Tour TCH Qualifiers,90.6,143.0 69.9,https://leaderboard.dartconnect.com/leaderboard#t-t_209-singles_01_501_si_do-all-all-all-all-all
2022,PDC Qualifying School 2022,80.1,104.8 34.8,https://leaderboard.dartconnect.com/leaderboard#t-t_187-singles_01_501_si_do-all-all-all-all-all
2021,PDC Challenge Tour,79.6,103.4 44.2,https://leaderboard.dartconnect.com/leaderboard#t-t_148-singles_01_501_si_do-all-all-all-all-all
2021,PDC Development Tour,71.5,125.1 39.0,https://leaderboard.dartconnect.com/leaderboard#t-t_146-singles_01_501_si_do-all-all-all-all-all
2021,PDC Nordic & Baltic Pro Tour,68.5,95.0 34.6,https://leaderboard.dartconnect.com/leaderboard#t-t_168-singles_01_501_si_do-all-all-all-all-all
2021,PDC Players Championship Tour,92.2,112.3 60.0,https://leaderboard.dartconnect.com/leaderboard#t-t_133-singles_01_501_si_do-all-all-all-all-all
2021,PDC Women's Series,63.6,95.8 34.5,https://leaderboard.dartconnect.com/leaderboard#t-t_176-singles_01_501_si_do-all-all-all-all-all
2021,PDC ET Associate Member Qualifiers,78.1,101.0 56.0,https://leaderboard.dartconnect.com/leaderboard#t-t_160-singles_01_501_si_do-all-all-all-all-all
2021,PDC European Tour UK Qualifiers,89.3,104.3 77.0,https://leaderboard.dartconnect.com/leaderboard#t-t_164-singles_01_501_si_do-all-all-all-all-all
2021,PDC UK Associate Member Qualifiers,77.5,94.8 49.4,https://leaderboard.dartconnect.com/leaderboard#t-t_170-singles_01_501_si_do-all-all-all-all-all
2021,PDC Qualifying School 2021,79.5,105.8 43.0,https://leaderboard.dartconnect.com/leaderboard#t-t_125-singles_01_501_si_do-all-all-all-all-all
2020,PDC Players Championship Tour,91.9,162.8 30.6,https://leaderboard.dartconnect.com/leaderboard#t-t_106-singles_01_501_si_do-all-all-all-all-all
2020,PDC Challenge Tour,81.2,104.9 46.5,https://leaderboard.dartconnect.com/leaderboard#t-t_85-singles_01_501_si_do-all-all-all-all-all
2020,PDC Development Tour,73.2,103.2 35.1,https://leaderboard.dartconnect.com/leaderboard#t-t_88-singles_01_501_si_do-all-all-all-all-all
2020,PDC Nordic & Baltic Pro Tour,72.8,96.6 52.4,https://leaderboard.dartconnect.com/leaderboard#t-t_108-singles_01_501_si_do-all-all-all-all-all
2020,PDC Qualifying School 2020,78.1,103.8 41.4,https://leaderboard.dartconnect.com/leaderboard#t-t_84-singles_01_501_si_do-all-all-all-all-all
2020,PDC Nordic & Baltic Euro Qualifier,76.3,94.7 52.1,https://leaderboard.dartconnect.com/leaderboard#t-t_80-singles_01_501_si_do-all-all-all-all-all
2020,PDC European Tour - Card Holder Qualifiers,84.6,104.9 50.0,https://leaderboard.dartconnect.com/leaderboard#t-t_91-singles_01_501_si_do-all-all-all-all-all
2020,CDC Qualifying School,65.2,90.4 42.2,https://leaderboard.dartconnect.com/leaderboard#t-t_74-singles_01_501_si_do-all-all-all-all-all
2020,Dart Players Australia,68.9,101.4 40.9,https://leaderboard.dartconnect.com/leaderboard#t-t_93-singles_01_501_si_do-all-all-all-all-all
2024,African Continental Tour,59.0,95.9 26.9,https://leaderboard.dartconnect.com/leaderboard#t-t_705-singles_01_501_si_do-all-all-all-all-all
2024,African Dart Series - Q-School,46.0,80.4 20.5,https://leaderboard.dartconnect.com/leaderboard#t-t_696-singles_01_501_si_do-all-all-all-all-all
2024,Dart Players Africa Women's Series,42.1,63.0 28.4,https://leaderboard.dartconnect.com/leaderboard#t-t_733-singles_01_501_si_do-all-all-all-all-all
2024,PDC Asian Tour,70.7,104.3 27.9,https://leaderboard.dartconnect.com/leaderboard#t-t_666-singles_01_501_si_do-all-all-all-all-all
2024,PDC China Premier League,78.9,95.2 65.0,https://leaderboard.dartconnect.com/leaderboard#t-t_766-singles_01_501_si_do-all-all-all-all-all
2024,Steel Darts Japan 2024,71.0,99.8 35.1,https://leaderboard.dartconnect.com/leaderboard#t-t_814-singles_01_501_si_do-all-all-all-all-all
2024,2024 UK & EU,57.5,76.3 33.8,https://leaderboard.dartconnect.com/leaderboard#t-t_639-singles_01_501_si_do-all-all-all-all-all
2024,Amsterdam Summer Ranking,"",https://leaderboard.dartconnect.com/leaderboard#t-t_832-singles_01_501_si_do-all-all-all-all-all
2024,Asas Adatas 2024,48.5,76.3 24.9,https://leaderboard.dartconnect.com/leaderboard#t-t_657-singles_01_301_di_do-all-all-all-all-all
2024,Asas Adatas Premier 2024,68.7,89.5 52.3,https://leaderboard.dartconnect.com/leaderboard#t-t_660-singles_01_501_si_do-all-all-all-all-all
2024,Athens Darts Union,60.1,87.1 33.0,https://leaderboard.dartconnect.com/leaderboard#t-t_775-singles_01_501_si_do-all-all-all-all-all
2024,Dansk Darts Superliga,69.6,85.4 41.3,https://leaderboard.dartconnect.com/leaderboard#t-t_793-singles_01_501_si_do-all-all-all-all-all
2024,Darts Point Bulls League - BiH,60.1,78.2 44.8,https://leaderboard.dartconnect.com/leaderboard#t-t_802-singles_01_501_si_do-all-all-all-all-all
2024,Darts Point Bulls League - Croatia,64.9,92.5 42.7,https://leaderboard.dartconnect.com/leaderboard#t-t_799-singles_01_501_si_do-all-all-all-all-all
2024,Darts Point Bulls League - Serbia,64.5,83.3 45.2,https://leaderboard.dartconnect.com/leaderboard#t-t_796-singles_01_501_si_do-all-all-all-all-all
2024,Darts Point Bulls League - Slovenia,61.9,81.8 41.7,https://leaderboard.dartconnect.com/leaderboard#t-t_805-singles_01_501_si_do-all-all-all-all-all
2024,EDL Meistrite Liiga,67.8,84.0 50.8,https://leaderboard.dartconnect.com/leaderboard#t-t_624-singles_01_501_si_do-all-all-all-all-all
2024,England Youth Grand Prix,58.7,93.0 26.1,https://leaderboard.dartconnect.com/leaderboard#t-t_787-singles_01_501_si_do-all-all-all-all-all
2024,Hungarian Darts Super League,72.6,95.1 46.9,https://leaderboard.dartconnect.com/leaderboard#t-t_603-singles_01_501_si_do-all-all-all-all-all
2024,JDC Scotland - Gibraltar Qualifiers,53.5,87.5 32.8,https://leaderboard.dartconnect.com/leaderboard#t-t_645-singles_01_501_si_do-all-all-all-all-all
2024,Junior Darts Corporation Advanced Tour,73.3,92.2 50.9,https://leaderboard.dartconnect.com/leaderboard#t-t_681-singles_01_501_si_do-all-all-all-all-all
2024,Junior Darts Corporation Foundation Tour,55.7,156.6 26.6,https://leaderboard.dartconnect.com/leaderboard#t-t_678-singles_01_501_si_do-all-all-all-all-all
2024,Junior Darts Corporation Girls Series,44.9,67.4 21.5,https://leaderboard.dartconnect.com/leaderboard#t-t_687-singles_01_501_si_do-all-all-all-all-all
2024,Latvia Darts Organization,50.9,98.8 16.1,https://leaderboard.dartconnect.com/leaderboard#t-t_715-singles_01_301_di_do-all-all-all-all-all
2024,LP Metal Detecting Series,77.7,100.4 51.9,https://leaderboard.dartconnect.com/leaderboard#t-t_706-singles_01_501_si_do-all-all-all-all-all
2024,Off Grid - On Point 2024,"",https://leaderboard.dartconnect.com/leaderboard#t-t_823-singles_01_501_si_do-all-all-all-all-all
2024,Oranjebar Super Ranking 43,61.4,101.4 25.4,https://leaderboard.dartconnect.com/leaderboard#t-t_606-singles_01_501_si_do-all-all-all-all-all
2024,Oranjebar Super Ranking 44,60.3,96.1 27.0,https://leaderboard.dartconnect.com/leaderboard#t-t_778-singles_01_501_si_do-all-all-all-all-all
2024,PDC Challenge Tour,80.9,104.5 53.0,https://leaderboard.dartconnect.com/leaderboard#t-t_600-singles_01_501_si_do-all-all-all-all-all
2024,PDC Development Tour,71.5,120.1 34.5,https://leaderboard.dartconnect.com/leaderboard#t-t_597-singles_01_501_si_do-all-all-all-all-all
2024,PDC Euro Tour E. Europe Qualifiers,78.0,94.6 53.7,https://leaderboard.dartconnect.com/leaderboard#t-t_739-singles_01_501_si_do-all-all-all-all-all
2024,PDC Europe NEXT GEN,67.3,96.7 31.7,https://leaderboard.dartconnect.com/leaderboard#t-t_633-singles_01_501_di_do-all-all-all-all-all
2024,PDC European Tour Host Nation Qualifiers,73.9,95.1 46.5,https://leaderboard.dartconnect.com/leaderboard#t-t_672-singles_01_501_si_do-all-all-all-all-all
2024,PDC European Tour TCH Qualifiers,90.1,106.6 72.0,https://leaderboard.dartconnect.com/leaderboard#t-t_669-singles_01_501_si_do-all-all-all-all-all
2024,PDC Nordic & Baltic Pro Tour,76.0,100.6 41.8,https://leaderboard.dartconnect.com/leaderboard#t-t_627-singles_01_501_si_do-all-all-all-all-all
2024,PDC Players Championship Tour,91.5,110.7 74.6,https://leaderboard.dartconnect.com/leaderboard#t-t_591-singles_01_501_si_do-all-all-all-all-all
2024,PDC Qualifying School 2024,78.8,104.9 44.1,https://leaderboard.dartconnect.com/leaderboard#t-t_636-singles_01_501_si_do-all-all-all-all-all
2024,PDC Women's Series,64.3,98.1 38.3,https://leaderboard.dartconnect.com/leaderboard#t-t_594-singles_01_501_si_do-all-all-all-all-all
2024,Robbie Long Series 2024,63.3,103.2 30.6,https://leaderboard.dartconnect.com/leaderboard#t-t_751-singles_01_501_si_do-all-all-all-all-all
2024,Scottish Darts Association Youth GrandPrix,54.6,89.5 26.7,https://leaderboard.dartconnect.com/leaderboard#t-t_699-singles_01_501_si_do-all-all-all-all-all
2024,SDA Scottish Men's & Ladies Tour,64.0,91.9 33.3,https://leaderboard.dartconnect.com/leaderboard#t-t_576-singles_01_501_si_do-all-all-all-all-all
2024,SDC Tour 2024,54.9,93.7 14.0,https://leaderboard.dartconnect.com/leaderboard#t-t_745-singles_01_501_si_do-all-all-all-all-all
2024,Vilniaus Legionas 2024,"",https://leaderboard.dartconnect.com/leaderboard#t-t_654-singles_01_501_si_do-all-all-all-all-all
2024,WS Championship Qualifiers 2024,76.0,101.4 46.9,https://leaderboard.dartconnect.com/leaderboard#t-t_712-singles_01_501_si_do-all-all-all-all-all
2024,WS Target Open Series,78.3,106.0 52.0,https://leaderboard.dartconnect.com/leaderboard#t-t_709-singles_01_501_si_do-all-all-all-all-all
2024,2024 Tour Leaderboard,57.4,81.0 39.2,https://leaderboard.dartconnect.com/leaderboard#t-t_784-singles_01_501_si_do-all-all-all-all-all
2024,All Island Dart Tour,47.9,78.0 23.3,https://leaderboard.dartconnect.com/leaderboard#t-t_690-singles_01_501_si_do-all-all-all-all-all
2024,CDC Events Tour,79.1,102.5 59.9,https://leaderboard.dartconnect.com/leaderboard#t-t_817-singles_01_501_si_do-all-all-all-all-all
2024,CDC Qualifying School 2024,64.0,84.8 40.0,https://leaderboard.dartconnect.com/leaderboard#t-t_618-singles_01_501_si_do-all-all-all-all-all
2024,CDC Summer Series,69.1,85.0 53.4,https://leaderboard.dartconnect.com/leaderboard#t-t_820-singles_01_501_si_do-all-all-all-all-all
2024,Dart Madness Tour,48.3,84.3 20.4,https://leaderboard.dartconnect.com/leaderboard#t-t_769-singles_01_501_si_do-all-all-all-all-all
2024,Dart Player Northern California,62.4,78.4 42.1,https://leaderboard.dartconnect.com/leaderboard#t-t_754-singles_01_501_si_do-all-all-all-all-all
2024,Dart Players Chicago,63.4,79.9 43.3,https://leaderboard.dartconnect.com/leaderboard#t-t_790-singles_01_501_si_do-all-all-all-all-all
2024,Dart Players Colorado,56.9,84.8 27.1,https://leaderboard.dartconnect.com/leaderboard#t-t_642-singles_01_501_si_do-all-all-all-all-all
2024,Dart Players Connecticut,54.4,70.3 33.8,https://leaderboard.dartconnect.com/leaderboard#t-t_772-singles_01_501_si_do-all-all-all-all-all
2024,Dart Players Georgia,56.8,74.4 37.1,https://leaderboard.dartconnect.com/leaderboard#t-t_808-singles_01_501_si_do-all-all-all-all-all
2024,Dart Players Indiana,51.7,82.4 21.7,https://leaderboard.dartconnect.com/leaderboard#t-t_763-singles_01_501_si_do-all-all-all-all-all
2024,Dart Players Los Angeles,58.6,84.0 43.2,https://leaderboard.dartconnect.com/leaderboard#t-t_742-singles_01_501_si_do-all-all-all-all-all
2024,Dart Players Nashville,62.6,73.5 45.9,https://leaderboard.dartconnect.com/leaderboard#t-t_781-singles_01_501_si_do-all-all-all-all-all
2024,Dart Players New England,60.7,86.8 34.2,https://leaderboard.dartconnect.com/leaderboard#t-t_724-singles_01_501_si_do-all-all-all-all-all
2024,Dart Players NorthWest,58.6,87.3 34.6,https://leaderboard.dartconnect.com/leaderboard#t-t_760-singles_01_501_si_do-all-all-all-all-all
2024,Dart Players Philadelphia,62.8,77.5 38.0,https://leaderboard.dartconnect.com/leaderboard#t-t_693-singles_01_501_si_do-all-all-all-all-all
2024,Dart Players Pittsburgh,60.3,89.8 34.1,https://leaderboard.dartconnect.com/leaderboard#t-t_651-singles_01_501_si_do-all-all-all-all-all
2024,Dart Players Pittsburgh Q-School,55.7,81.8 36.8,https://leaderboard.dartconnect.com/leaderboard#t-t_648-singles_01_501_si_do-all-all-all-all-all
2024,Dart Players Texas - Houston,60.9,89.3 32.0,https://leaderboard.dartconnect.com/leaderboard#t-t_811-singles_01_501_si_do-all-all-all-all-all
2024,Dart Players Texas- DFW,60.0,82.3 37.2,https://leaderboard.dartconnect.com/leaderboard#t-t_730-singles_01_501_si_do-all-all-all-all-all
2024,Dart Players Texas- SATX,56.7,76.1 40.0,https://leaderboard.dartconnect.com/leaderboard#t-t_727-singles_01_501_si_do-all-all-all-all-all
2024,Dart Players Texas- WTX,47.9,65.8 30.0,https://leaderboard.dartconnect.com/leaderboard#t-t_748-singles_01_501_si_do-all-all-all-all-all
2024,Metro Ladies Darts Tour,43.0,61.3 27.2,https://leaderboard.dartconnect.com/leaderboard#t-t_702-singles_01_501_si_do-all-all-all-all-all
2024,Dart Players New York,63.4,82.5 44.1,https://leaderboard.dartconnect.com/leaderboard#t-t_663-singles_01_501_si_do-all-all-all-all-all
2024,Dart Players Australia Pro Tour,74.3,100.7 44.7,https://leaderboard.dartconnect.com/leaderboard#t-t_718-singles_01_501_si_do-all-all-all-all-all
2024,Dart Players New Zealand Pro Tour,64.6,94.3 29.3,https://leaderboard.dartconnect.com/leaderboard#t-t_736-singles_01_501_si_do-all-all-all-all-all
2024,German Club Premier League,58.0,99.3 30.3,https://leaderboard.dartconnect.com/leaderboard#t-t_721-singles_01_501_si_do-all-all-all-all-all
2023,African Continental Tour,57.7,94.5 20.6,https://leaderboard.dartconnect.com/leaderboard#t-t_543-singles_01_501_si_do-all-all-all-all-all
2023,African Dart Series - Q-School,48.7,78.0 27.4,https://leaderboard.dartconnect.com/leaderboard#t-t_363-singles_01_501_si_do-all-all-all-all-all
2023,PDC Asia - China Premier League,79.6,94.6 63.4,https://leaderboard.dartconnect.com/leaderboard#t-t_344-singles_01_501_si_do-all-all-all-all-all
2023,PDC Asia - China Series A League,66.2,78.0 53.8,https://leaderboard.dartconnect.com/leaderboard#t-t_346-singles_01_501_si_do-all-all-all-all-all
2023,2023 Series,65.3,85.6 39.5,https://leaderboard.dartconnect.com/leaderboard#t-t_474-singles_01_501_si_do-all-all-all-all-all
2023,2023 UK & EU,59.6,86.9 40.7,https://leaderboard.dartconnect.com/leaderboard#t-t_357-singles_01_501_si_do-all-all-all-all-all
2023,Asas Adatas 2023,53.7,89.2 20.5,https://leaderboard.dartconnect.com/leaderboard#t-t_351-singles_01_501_si_do-all-all-all-all-all
2023,Breconshire Superleague Series,54.0,85.2 24.2,https://leaderboard.dartconnect.com/leaderboard#t-t_540-singles_01_501_si_do-all-all-all-all-all
2023,Dansk Darts Superliga,77.1,90.7 61.9,https://leaderboard.dartconnect.com/leaderboard#t-t_510-singles_01_501_si_do-all-all-all-all-all
2023,Darts Point Bulls League - Slovenia,60.9,84.8 35.9,https://leaderboard.dartconnect.com/leaderboard#t-t_567-singles_01_501_si_do-all-all-all-all-all
2023,EDL Meistrite Liiga,65.7,75.9 54.0,https://leaderboard.dartconnect.com/leaderboard#t-t_381-singles_01_501_si_do-all-all-all-all-all
2023,Fife Superleague,57.6,85.1 22.6,https://leaderboard.dartconnect.com/leaderboard#t-t_558-singles_01_501_si_do-all-all-all-all-all
2023,Gibraltar Ranking,63.3,87.4 46.0,https://leaderboard.dartconnect.com/leaderboard#t-t_435-singles_01_501_si_do-all-all-all-all-all
2023,HYLO PDC Europe Super League,72.2,100.6 49.5,https://leaderboard.dartconnect.com/leaderboard#t-t_564-singles_01_501_si_do-all-all-all-all-all
2023,JDC Scotland - Gibraltar Qualifiers,52.6,131.2 26.9,https://leaderboard.dartconnect.com/leaderboard#t-t_354-singles_01_501_si_do-all-all-all-all-all
2023,Junior Darts Corporation Advanced Tour,73.4,99.5 53.1,https://leaderboard.dartconnect.com/leaderboard#t-t_417-singles_01_501_si_do-all-all-all-all-all
2023,Junior Darts Corporation Foundation Tour,56.9,85.4 23.3,https://leaderboard.dartconnect.com/leaderboard#t-t_420-singles_01_501_si_do-all-all-all-all-all
2023,Junior Darts Corporation Super 16,66.4,101.4 43.0,https://leaderboard.dartconnect.com/leaderboard#t-t_552-singles_01_501_si_do-all-all-all-all-all
2023,Latvia Darts Organization,50.6,87.8 15.5,https://leaderboard.dartconnect.com/leaderboard#t-t_456-singles_01_301_di_do-all-all-all-all-all
2023,MMDC Karikasari,45.4,72.8 24.1,https://leaderboard.dartconnect.com/leaderboard#t-t_534-singles_01_501_si_do-all-all-all-all-all
2023,MMDC Karikasari,45.4,70.6 19.4,https://leaderboard.dartconnect.com/leaderboard#t-t_384-singles_01_501_si_do-all-all-all-all-all
2023,MVM Partners Darts Cup 2023,63.5,86.8 38.0,https://leaderboard.dartconnect.com/leaderboard#t-t_621-singles_01_501_si_do-all-all-all-all-all
2023,Oranjebar Super Ranking 39,58.2,101.0 31.8,https://leaderboard.dartconnect.com/leaderboard#t-t_340-singles_01_501_si_do-all-all-all-all-all
2023,Oranjebar Super Ranking 40,58.8,100.7 27.4,https://leaderboard.dartconnect.com/leaderboard#t-t_453-singles_01_501_si_do-all-all-all-all-all
2023,PDC Challenge Tour,81.7,142.2 49.5,https://leaderboard.dartconnect.com/leaderboard#t-t_366-singles_01_501_si_do-all-all-all-all-all
2023,PDC Development Tour,73.6,113.2 36.4,https://leaderboard.dartconnect.com/leaderboard#t-t_372-singles_01_501_si_do-all-all-all-all-all
2023,PDC European Tour Associate Member Qualifiers,78.8,100.8 48.6,https://leaderboard.dartconnect.com/leaderboard#t-t_447-singles_01_501_si_do-all-all-all-all-all
2023,PDC European Tour Host Nation Qualifiers,72.8,101.5 38.3,https://leaderboard.dartconnect.com/leaderboard#t-t_444-singles_01_501_si_do-all-all-all-all-all
2023,PDC Nordic & Baltic Pro Tour,74.3,99.0 41.0,https://leaderboard.dartconnect.com/leaderboard#t-t_408-singles_01_501_si_do-all-all-all-all-all
2023,PDC Players Championship Tour,92.0,117.5 60.8,https://leaderboard.dartconnect.com/leaderboard#t-t_369-singles_01_501_si_do-all-all-all-all-all
2023,PDC Qualifying School 2023,78.9,106.2 42.1,https://leaderboard.dartconnect.com/leaderboard#t-t_348-singles_01_501_si_do-all-all-all-all-all
2023,PDC Women's Series,64.3,98.8 30.4,https://leaderboard.dartconnect.com/leaderboard#t-t_375-singles_01_501_si_do-all-all-all-all-all
2023,Poprad Darts League IV,43.3,69.5 27.8,https://leaderboard.dartconnect.com/leaderboard#t-t_432-singles_01_501_si_do-all-all-all-all-all
2023,Rahvaliiga 2.0,44.6,71.4 20.8,https://leaderboard.dartconnect.com/leaderboard#t-t_387-singles_01_501_si_do-all-all-all-all-all
2023,Rahvaliiga Hooaeg,45.3,73.5 25.3,https://leaderboard.dartconnect.com/leaderboard#t-t_531-singles_01_501_si_do-all-all-all-all-all
2023,Rubene Darts - Vasaras Liga,48.5,75.6 28.3,https://leaderboard.dartconnect.com/leaderboard#t-t_528-singles_01_501_si_do-all-all-all-all-all
2023,Scottish Darts Association Youth GrandPrix,54.0,81.0 17.9,https://leaderboard.dartconnect.com/leaderboard#t-t_411-singles_01_501_si_do-all-all-all-all-all
2023,Scottish Darts Tour,65.2,100.3 28.1,https://leaderboard.dartconnect.com/leaderboard#t-t_334-singles_01_501_di_do-all-all-all-all-all
2023,Summer Ranking 2023,60.0,89.8 26.6,https://leaderboard.dartconnect.com/leaderboard#t-t_507-singles_01_501_si_do-all-all-all-all-all
2023,Syntel Singles Championship,57.5,86.5 28.0,https://leaderboard.dartconnect.com/leaderboard#t-t_579-singles_01_501_si_do-all-all-all-all-all
2023,Team Topdarts Ranking,42.9,77.4 26.3,https://leaderboard.dartconnect.com/leaderboard#t-t_549-singles_01_501_si_do-all-all-all-all-all
2023,WMJDA Advanced,55.3,75.5 39.0,https://leaderboard.dartconnect.com/leaderboard#t-t_609-singles_01_501_si_do-all-all-all-all-all
2023,Dansk Dart Superliga,66.5,86.7 44.7,https://leaderboard.dartconnect.com/leaderboard#t-t_393-singles_01_501_si_do-all-all-all-all-all
2023,All Island Dart Tour,49.4,72.3 21.6,https://leaderboard.dartconnect.com/leaderboard#t-t_429-singles_01_501_si_do-all-all-all-all-all
2023,CDC Events Tour,80.5,106.1 57.3,https://leaderboard.dartconnect.com/leaderboard#t-t_504-singles_01_501_si_do-all-all-all-all-all
2023,CDC Evolution Tour,62.0,83.7 43.5,https://leaderboard.dartconnect.com/leaderboard#t-t_495-singles_01_501_si_do-all-all-all-all-all
2023,CDC Junior Tour,52.0,70.3 30.3,https://leaderboard.dartconnect.com/leaderboard#t-t_492-singles_01_501_si_do-all-all-all-all-all
2023,CDC Summer Series,69.0,95.9 42.0,https://leaderboard.dartconnect.com/leaderboard#t-t_501-singles_01_301_di_do-all-all-all-all-all
2023,Ciswo Summer Tour,62.8,90.7 32.9,https://leaderboard.dartconnect.com/leaderboard#t-t_489-singles_01_501_si_do-all-all-all-all-all
2023,Dart Madness Tour,47.7,96.1 17.5,https://leaderboard.dartconnect.com/leaderboard#t-t_468-singles_01_501_si_do-all-all-all-all-all
2023,Dart Players Chicago,61.3,86.1 38.6,https://leaderboard.dartconnect.com/leaderboard#t-t_480-singles_01_501_si_do-all-all-all-all-all
2023,Dart Players Colorado,59.9,97.4 30.3,https://leaderboard.dartconnect.com/leaderboard#t-t_360-singles_01_501_si_do-all-all-all-all-all
2023,Dart Players Georgia,57.4,82.9 33.5,https://leaderboard.dartconnect.com/leaderboard#t-t_486-singles_01_501_si_do-all-all-all-all-all
2023,Dart Players Indiana,54.5,84.7 21.7,https://leaderboard.dartconnect.com/leaderboard#t-t_498-singles_01_501_si_do-all-all-all-all-all
2023,Dart Players Ohio (DPOH),63.1,93.9 39.3,https://leaderboard.dartconnect.com/leaderboard#t-t_513-singles_01_501_si_do-all-all-all-all-all
2023,Dart Players Philadelphia,64.2,83.3 37.1,https://leaderboard.dartconnect.com/leaderboard#t-t_390-singles_01_501_si_do-all-all-all-all-all
2023,Dart Players Pittsburgh,60.7,85.3 35.8,https://leaderboard.dartconnect.com/leaderboard#t-t_396-singles_01_501_si_do-all-all-all-all-all
2023,Dart Players Pittsburgh Q-School,53.6,68.0 41.1,https://leaderboard.dartconnect.com/leaderboard#t-t_378-singles_01_501_si_do-all-all-all-all-all
2023,Dart Players Texas,59.9,83.8 36.3,https://leaderboard.dartconnect.com/leaderboard#t-t_471-singles_01_501_si_do-all-all-all-all-all
2023,Dart Players Washington D.C.,59.1,86.9 33.0,https://leaderboard.dartconnect.com/leaderboard#t-t_438-singles_01_501_si_do-all-all-all-all-all
2023,Hungarian Darts Super League,71.5,94.1 50.9,https://leaderboard.dartconnect.com/leaderboard#t-t_332-singles_01_501_si_do-all-all-all-all-all
2023,King Of Brooklyn,47.0,82.4 28.2,https://leaderboard.dartconnect.com/leaderboard#t-t_561-singles_01_301_di_do-all-all-all-all-all
2023,Metro Ladies Darts Tour,40.8,61.1,https://leaderboard.dartconnect.com/leaderboard#t-t_402-singles_01_501_si_do-all-all-all-all-all
2023,Mr. Connecticut,55.0,87.5 30.0,https://leaderboard.dartconnect.com/leaderboard#t-t_555-singles_01_301_di_do-all-all-all-all-all
2023,Mrs. Connecticut,39.0,61.7 18.1,https://leaderboard.dartconnect.com/leaderboard#t-t_612-singles_01_301_di_do-all-all-all-all-all
2023,Oranjebar Super Ranking 41,59.7,99.0 25.5,https://leaderboard.dartconnect.com/leaderboard#t-t_516-singles_01_501_si_do-all-all-all-all-all
2023,Oranjebar Super Ranking 42,61.6,96.3 33.6,https://leaderboard.dartconnect.com/leaderboard#t-t_546-singles_01_501_si_do-all-all-all-all-all
2023,PDC Euro Tour E. Europe Qualifiers,78.1,99.0 53.9,https://leaderboard.dartconnect.com/leaderboard#t-t_450-singles_01_501_si_do-all-all-all-all-all
2023,PDC European Tour TCH Qualifiers,90.2,106.9 72.9,https://leaderboard.dartconnect.com/leaderboard#t-t_441-singles_01_501_si_do-all-all-all-all-all
2023,SDC Tour 2023,56.3,98.0 21.2,https://leaderboard.dartconnect.com/leaderboard#t-t_519-singles_01_501_si_do-all-all-all-all-all
2023,Slangerup Dart Klub Ranking,52.7,81.3 31.9,https://leaderboard.dartconnect.com/leaderboard#t-t_537-singles_01_501_si_do-all-all-all-all-all
2023,Tukapa Darts Club Summer Tour,42.7,70.0 24.6,https://leaderboard.dartconnect.com/leaderboard#t-t_462-singles_01_501_si_do-all-all-all-all-all
2023,CDC Qualifying School 2022,63.6,88.6 40.7,https://leaderboard.dartconnect.com/leaderboard#t-t_342-singles_01_501_si_do-all-all-all-all-all
2023,Dart Player Northern California,60.3,79.9 38.7,https://leaderboard.dartconnect.com/leaderboard#t-t_483-singles_01_501_si_do-all-all-all-all-all
2023,Dart Players New England,60.3,85.6 28.1,https://leaderboard.dartconnect.com/leaderboard#t-t_414-singles_01_501_si_do-all-all-all-all-all
2023,Dart Players New York,64.8,84.7 39.1,https://leaderboard.dartconnect.com/leaderboard#t-t_399-singles_01_501_si_do-all-all-all-all-all
2023,Dart Players Australia Pro Tour,69.0,99.7 38.1,https://leaderboard.dartconnect.com/leaderboard#t-t_426-singles_01_501_si_do-all-all-all-all-all
2023,Dart Players Australia World Series Qualifiers,68.1,92.7 45.2,https://leaderboard.dartconnect.com/leaderboard#t-t_423-singles_01_501_si_do-all-all-all-all-all
2023,Dart Players New Zealand Pro Tour,65.1,104.7 33.6,https://leaderboard.dartconnect.com/leaderboard#t-t_459-singles_01_501_si_do-all-all-all-all-all
2023,German Club Premier League,52.9,94.0 28.2,https://leaderboard.dartconnect.com/leaderboard#t-t_570-singles_01_501_si_do-all-all-all-all-all
2023,CDLC Tour,48.1,81.1 24.8,https://leaderboard.dartconnect.com/leaderboard#t-t_573-singles_01_501_si_do-all-all-all-all-all
2022,PDC China Premier League,79.1,95.3 59.8,https://leaderboard.dartconnect.com/leaderboard#t-t_292-singles_01_501_si_do-all-all-all-all-all
2022,PDC China Series A League,69.4,88.3 49.0,https://leaderboard.dartconnect.com/leaderboard#t-t_294-singles_01_501_si_do-all-all-all-all-all
2022,Asas Adatas 2022,56.7,85.5 27.1,https://leaderboard.dartconnect.com/leaderboard#t-t_189-singles_01_501_si_do-all-all-all-all-all
2022,Breconshire Superleague Series,53.1,87.3 18.3,https://leaderboard.dartconnect.com/leaderboard#t-t_310-singles_01_501_si_do-all-all-all-all-all
2022,Classic Mótaröðin,"",https://leaderboard.dartconnect.com/leaderboard#t-t_300-singles_01_501_di_do-all-all-all-all-all
2022,Dansk Dart Superliga Junior Cup,57.2,66.6 48.3,https://leaderboard.dartconnect.com/leaderboard#t-t_322-singles_01_501_si_do-all-all-all-all-all
2022,Fife Superleague,60.9,93.8 30.7,https://leaderboard.dartconnect.com/leaderboard#t-t_328-singles_01_501_si_do-all-all-all-all-all
2022,Hungarian Darts Super League,70.3,91.4 53.4,https://leaderboard.dartconnect.com/leaderboard#t-t_211-singles_01_501_si_do-all-all-all-all-all
2022,JDC Scotland - Gibraltar Qualifiers,53.1,73.6 28.3,https://leaderboard.dartconnect.com/leaderboard#t-t_255-singles_01_501_si_do-all-all-all-all-all
2022,JDC Scotland - Ranking Events,51.7,76.0 24.3,https://leaderboard.dartconnect.com/leaderboard#t-t_257-singles_01_501_si_do-all-all-all-all-all
2022,Junior Darts Corporation Foundation Tour,55.6,86.8 30.1,https://leaderboard.dartconnect.com/leaderboard#t-t_215-singles_01_501_si_do-all-all-all-all-all
2022,Junior Darts Corporation Q-School,56.6,85.6 40.0,https://leaderboard.dartconnect.com/leaderboard#t-t_191-singles_01_501_si_do-all-all-all-all-all
2022,Junior Darts Corporation Super 16,61.9,92.5 37.6,https://leaderboard.dartconnect.com/leaderboard#t-t_326-singles_01_501_si_do-all-all-all-all-all
2022,Latvia Darts Organization,50.8,88.1 12.4,https://leaderboard.dartconnect.com/leaderboard#t-t_239-singles_01_301_di_do-all-all-all-all-all
2022,Oranjebar Super Ranking 36,58.6,87.5 23.5,https://leaderboard.dartconnect.com/leaderboard#t-t_231-singles_01_501_si_do-all-all-all-all-all
2022,Oranjebar Super Ranking 37,58.6,97.8 27.7,https://leaderboard.dartconnect.com/leaderboard#t-t_290-singles_01_501_si_do-all-all-all-all-all
2022,Oranjebar Super Ranking 38,58.8,96.7 21.4,https://leaderboard.dartconnect.com/leaderboard#t-t_314-singles_01_501_si_do-all-all-all-all-all
2022,PDC Challenge Tour,81.3,117.0 45.9,https://leaderboard.dartconnect.com/leaderboard#t-t_193-singles_01_501_si_do-all-all-all-all-all
2022,PDC Development Tour,72.9,108.9 34.0,https://leaderboard.dartconnect.com/leaderboard#t-t_213-singles_01_501_si_do-all-all-all-all-all
2022,PDC European Tour Associate Member Qualifiers,79.8,99.2 53.0,https://leaderboard.dartconnect.com/leaderboard#t-t_225-singles_01_501_si_do-all-all-all-all-all
2022,PDC European Tour Host Nation Qualifiers,74.4,101.9 41.8,https://leaderboard.dartconnect.com/leaderboard#t-t_227-singles_01_501_si_do-all-all-all-all-all
2022,PDC European Tour TCH Qualifiers,90.6,143.0 69.9,https://leaderboard.dartconnect.com/leaderboard#t-t_209-singles_01_501_si_do-all-all-all-all-all
2022,PDC Nordic & Baltic Euro Qualifiers,76.2,94.0 52.1,https://leaderboard.dartconnect.com/leaderboard#t-t_235-singles_01_501_si_do-all-all-all-all-all
2022,PDC Nordic & Baltic Pro Tour,72.7,99.2 40.7,https://leaderboard.dartconnect.com/leaderboard#t-t_185-singles_01_501_si_do-all-all-all-all-all
2022,PDC Players Championship Tour,92.0,113.2 70.6,https://leaderboard.dartconnect.com/leaderboard#t-t_201-singles_01_501_si_do-all-all-all-all-all
2022,PDC Qualifying School 2022,80.1,104.8 34.8,https://leaderboard.dartconnect.com/leaderboard#t-t_187-singles_01_501_si_do-all-all-all-all-all
2022,PDC Women's Series,62.1,98.8 28.8,https://leaderboard.dartconnect.com/leaderboard#t-t_243-singles_01_501_si_do-all-all-all-all-all
2022,PFR Sumarmót,50.6,76.5 28.3,https://leaderboard.dartconnect.com/leaderboard#t-t_302-singles_01_501_si_do-all-all-all-all-all
2022,Scottish Development Tour,61.8,86.3 33.3,https://leaderboard.dartconnect.com/leaderboard#t-t_269-singles_01_501_si_do-all-all-all-all-all
2022,SDA 18-30 Q-School Tour,71.3,91.8 54.7,https://leaderboard.dartconnect.com/leaderboard#t-t_288-singles_01_501_si_do-all-all-all-all-all
2022,SDA Mens & Ladies Tour,69.6,98.8 34.9,https://leaderboard.dartconnect.com/leaderboard#t-t_247-singles_01_501_si_do-all-all-all-all-all
2022,SDA Youth GrandPrix,48.6,74.6 17.7,https://leaderboard.dartconnect.com/leaderboard#t-t_237-singles_01_501_si_do-all-all-all-all-all
2022,SDC Tour 2022/23,56.0,94.2 20.0,https://leaderboard.dartconnect.com/leaderboard#t-t_312-singles_01_501_si_do-all-all-all-all-all
2022,Unglingamótaröð ÍPS,37.3,68.3 27.1,https://leaderboard.dartconnect.com/leaderboard#t-t_229-singles_01_501_si_do-all-all-all-all-all
2022,Dansk Dart Superliga,75.5,91.2 60.0,https://leaderboard.dartconnect.com/leaderboard#t-t_261-singles_01_501_si_do-all-all-all-all-all
2022,All Island Dart Tour,52.7,79.3 23.7,https://leaderboard.dartconnect.com/leaderboard#t-t_267-singles_01_501_si_do-all-all-all-all-all
2022,Bear's Thursday Night Knock Outs,56.5,90.0 30.6,https://leaderboard.dartconnect.com/leaderboard#t-t_278-singles_01_501_si_do-all-all-all-all-all
2022,CDC Evolution Tour,66.0,91.6 43.2,https://leaderboard.dartconnect.com/leaderboard#t-t_298-singles_01_501_si_do-all-all-all-all-all
2022,CDC Junior Tour,53.9,76.5 31.9,https://leaderboard.dartconnect.com/leaderboard#t-t_296-singles_01_501_si_do-all-all-all-all-all
2022,CDC Main Events Tour,82.2,100.5 57.3,https://leaderboard.dartconnect.com/leaderboard#t-t_280-singles_01_501_si_do-all-all-all-all-all
2022,CDC Qualifying School,66.2,90.1 38.7,https://leaderboard.dartconnect.com/leaderboard#t-t_183-singles_01_501_si_do-all-all-all-all-all
2022,CDC Summer Series,66.4,91.1 38.7,https://leaderboard.dartconnect.com/leaderboard#t-t_284-singles_01_501_di_do-all-all-all-all-all
2022,Ciswo Summer Tour,65.1,95.5 37.6,https://leaderboard.dartconnect.com/leaderboard#t-t_276-singles_01_501_si_do-all-all-all-all-all
2022,Connecticut Darts Organization,67.1,75.7 54.6,https://leaderboard.dartconnect.com/leaderboard#t-t_245-singles_01_501_di_do-all-all-all-all-all
2022,Dart Madness Tour,46.4,123.6 15.7,https://leaderboard.dartconnect.com/leaderboard#t-t_259-singles_01_501_si_do-all-all-all-all-all
2022,Dart Players Chicago,66.5,89.9 46.1,https://leaderboard.dartconnect.com/leaderboard#t-t_263-singles_01_501_si_do-all-all-all-all-all
2022,Dart Players Colorado,59.3,91.7 32.6,https://leaderboard.dartconnect.com/leaderboard#t-t_199-singles_01_501_si_do-all-all-all-all-all
2022,Dart Players Georgia,59.9,80.6 35.1,https://leaderboard.dartconnect.com/leaderboard#t-t_273-singles_01_501_si_do-all-all-all-all-all
2022,Dart Players North Carolina,65.6,91.4 39.8,https://leaderboard.dartconnect.com/leaderboard#t-t_271-singles_01_501_di_do-all-all-all-all-all
2022,Dart Players Philadelphia,62.0,85.1 40.0,https://leaderboard.dartconnect.com/leaderboard#t-t_275-singles_01_501_si_do-all-all-all-all-all
2022,Dart Players Tidewater,62.8,88.7 43.4,https://leaderboard.dartconnect.com/leaderboard#t-t_330-singles_01_501_si_do-all-all-all-all-all
2022,Eesti Darts Challenge Tour,"",https://leaderboard.dartconnect.com/leaderboard#t-t_282-singles_01_501_si_do-all-all-all-all-all
2022,Junior Darts Corporation Advanced Tour,73.5,98.8 54.1,https://leaderboard.dartconnect.com/leaderboard#t-t_207-singles_01_501_si_do-all-all-all-all-all
2022,Metro Ladies Dart Challenge,42.8,62.3 23.7,https://leaderboard.dartconnect.com/leaderboard#t-t_205-singles_01_501_si_do-all-all-all-all-all
2022,Mr. Connecticut,51.9,86.6 21.1,https://leaderboard.dartconnect.com/leaderboard#t-t_324-singles_01_301_di_do-all-all-all-all-all
2022,Oranjebar Road to PDC Q-School,64.2,91.9 40.0,https://leaderboard.dartconnect.com/leaderboard#t-t_233-singles_01_501_si_do-all-all-all-all-all
2022,Dart Players Los Angeles,63.2,80.7 40.9,https://leaderboard.dartconnect.com/leaderboard#t-t_308-singles_01_501_si_do-all-all-all-all-all
2022,Dart Players New England,65.0,88.0 36.8,https://leaderboard.dartconnect.com/leaderboard#t-t_203-singles_01_501_si_do-all-all-all-all-all
2022,Dart Players New York,62.8,84.9 41.2,https://leaderboard.dartconnect.com/leaderboard#t-t_249-singles_01_501_si_do-all-all-all-all-all
2022,Dart Players Pittsburgh,61.7,84.5 44.1,https://leaderboard.dartconnect.com/leaderboard#t-t_265-singles_01_501_si_do-all-all-all-all-all
2022,Dart Players Pittsburgh Q-School,50.5,78.3 35.3,https://leaderboard.dartconnect.com/leaderboard#t-t_197-singles_01_501_si_do-all-all-all-all-all
2022,Dart Players Texas,61.6,85.5 35.3,https://leaderboard.dartconnect.com/leaderboard#t-t_251-singles_01_501_di_do-all-all-all-all-all
2022,Dart Players Washington D.C.,62.8,83.2 42.3,https://leaderboard.dartconnect.com/leaderboard#t-t_253-singles_01_501_si_do-all-all-all-all-all
2022,Dart Players Australia Satellite Tour,65.8,98.8 26.9,https://leaderboard.dartconnect.com/leaderboard#t-t_241-singles_01_501_si_do-all-all-all-all-all
2022,Dart Players Australia World Series Qualifiers,69.7,96.5 33.8,https://leaderboard.dartconnect.com/leaderboard#t-t_306-singles_01_501_si_do-all-all-all-all-all
2022,DPA Satellite Tour - Weekend 1 - 11-FEB,64.5,98.8 41.0,https://leaderboard.dartconnect.com/leaderboard#t-t_217-singles_01_501_si_do-all-all-all-all-all
2022,DPA Satellite Tour - Weekend 1 - 12-FEB,64.1,97.0 39.5,https://leaderboard.dartconnect.com/leaderboard#t-t_221-singles_01_501_si_do-all-all-all-all-all
2022,DPA Satellite Tour - Weekend 1 - 13-FEB,63.7,88.9 40.7,https://leaderboard.dartconnect.com/leaderboard#t-t_223-singles_01_501_si_do-all-all-all-all-all
2022,DPA Satellite Tour - Weekend 1 - KO Events,76.5,87.4 61.4,https://leaderboard.dartconnect.com/leaderboard#t-t_219-singles_01_501_si_do-all-all-all-all-all
2022,Goldfields Champions League,54.9,90.0 29.7,https://leaderboard.dartconnect.com/leaderboard#t-t_304-singles_01_501_si_do-all-all-all-all-all
2022,Tukapa Darts Club Pre-Xmas,39.4,64.5 19.4,https://leaderboard.dartconnect.com/leaderboard#t-t_338-singles_01_501_si_do-all-all-all-all-all
2021,Denmark PDC Q-School Qualifiers,68.7,83.2 45.9,https://leaderboard.dartconnect.com/leaderboard#t-t_181-singles_01_501_si_do-all-all-all-all-all
2021,Junior Darts Corporation Advanced Tour,70.4,172.2 47.7,https://leaderboard.dartconnect.com/leaderboard#t-t_143-singles_01_501_si_do-all-all-all-all-all
2021,Junior Darts Corporation Foundation Tour,56.9,84.7 31.8,https://leaderboard.dartconnect.com/leaderboard#t-t_142-singles_01_501_si_do-all-all-all-all-all
2021,Junior Darts Corporation Q-School,58.7,78.6 34.5,https://leaderboard.dartconnect.com/leaderboard#t-t_140-singles_01_501_si_do-all-all-all-all-all
2021,MAD Singles Tour,68.9,153.3 39.1,https://leaderboard.dartconnect.com/leaderboard#t-t_141-singles_01_501_si_do-all-all-all-all-all
2021,PDC Challenge Tour,79.6,103.4 44.2,https://leaderboard.dartconnect.com/leaderboard#t-t_148-singles_01_501_si_do-all-all-all-all-all
2021,PDC Development Tour,71.5,125.1 39.0,https://leaderboard.dartconnect.com/leaderboard#t-t_146-singles_01_501_si_do-all-all-all-all-all
2021,PDC ET Associate Member Qualifiers,78.1,101.0 56.0,https://leaderboard.dartconnect.com/leaderboard#t-t_160-singles_01_501_si_do-all-all-all-all-all
2021,PDC European Tour UK Qualifiers,89.3,104.3 77.0,https://leaderboard.dartconnect.com/leaderboard#t-t_164-singles_01_501_si_do-all-all-all-all-all
2021,PDC Nordic & Baltic Pro Tour,68.5,95.0 34.6,https://leaderboard.dartconnect.com/leaderboard#t-t_168-singles_01_501_si_do-all-all-all-all-all
2021,PDC Players Championship Tour,92.2,112.3 60.0,https://leaderboard.dartconnect.com/leaderboard#t-t_133-singles_01_501_si_do-all-all-all-all-all
2021,PDC Qualifying School 2021,79.5,105.8 43.0,https://leaderboard.dartconnect.com/leaderboard#t-t_125-singles_01_501_si_do-all-all-all-all-all
2021,PDC UK Associate Member Qualifiers,77.5,94.8 49.4,https://leaderboard.dartconnect.com/leaderboard#t-t_170-singles_01_501_si_do-all-all-all-all-all
2021,PDC Women's Series,63.6,95.8 34.5,https://leaderboard.dartconnect.com/leaderboard#t-t_176-singles_01_501_si_do-all-all-all-all-all
2021,SDA Ciswo Summer Season,62.9,85.8 42.4,https://leaderboard.dartconnect.com/leaderboard#t-t_150-singles_01_501_si_do-all-all-all-all-all
2021,Super Surrey 5's,65.9,95.8 38.6,https://leaderboard.dartconnect.com/leaderboard#t-t_179-singles_01_501_si_do-all-all-all-all-all
2021,TippmixPro Superleague,70.9,87.5 50.0,https://leaderboard.dartconnect.com/leaderboard#t-t_152-singles_01_501_si_do-all-all-all-all-all
2021,CDC 2021 Cyber Series,80.0,98.9 63.9,https://leaderboard.dartconnect.com/leaderboard#t-t_138-singles_01_501_si_do-all-all-all-all-all
2021,CDC Event Qualifier Tour,62.7,87.0 37.1,https://leaderboard.dartconnect.com/leaderboard#t-t_166-singles_01_501_si_do-all-all-all-all-all
2021,CDC Evolution Tour,65.7,90.2 40.8,https://leaderboard.dartconnect.com/leaderboard#t-t_154-singles_01_501_si_do-all-all-all-all-all
2021,CDC Junior Tour,51.3,76.0 30.7,https://leaderboard.dartconnect.com/leaderboard#t-t_156-singles_01_501_si_do-all-all-all-all-all
2021,CDC Main Events Tour,78.1,98.6 52.6,https://leaderboard.dartconnect.com/leaderboard#t-t_162-singles_01_501_si_do-all-all-all-all-all
2021,CDC Qualifying School,71.5,97.5 30.0,https://leaderboard.dartconnect.com/leaderboard#t-t_131-singles_01_501_si_do-all-all-all-all-all
2021,Dart Players Colorado,58.5,79.2 38.8,https://leaderboard.dartconnect.com/leaderboard#t-t_158-singles_01_501_si_do-all-all-all-all-all
2021,Mr Connecticut,51.8,96.9 28.4,https://leaderboard.dartconnect.com/leaderboard#t-t_174-singles_01_301_di_do-all-all-all-all-all
2021,Dart Madness Tour,48.5,87.5 15.6,https://leaderboard.dartconnect.com/leaderboard#t-t_137-singles_01_501_si_do-all-all-all-all-all
2021,Dart Players Chicago,67.5,83.0 49.2,https://leaderboard.dartconnect.com/leaderboard#t-t_139-singles_01_501_si_do-all-all-all-all-all
2021,Dart Players Los Angeles,64.4,86.1 33.6,https://leaderboard.dartconnect.com/leaderboard#t-t_144-singles_01_501_si_do-all-all-all-all-all
2021,Dart Players New England,66.1,88.5 47.5,https://leaderboard.dartconnect.com/leaderboard#t-t_172-singles_01_501_si_do-all-all-all-all-all
2021,Dart Players New York,64.6,87.2 40.6,https://leaderboard.dartconnect.com/leaderboard#t-t_132-singles_01_501_si_do-all-all-all-all-all
2021,Dart Players Pittsburgh,61.3,80.3 35.9,https://leaderboard.dartconnect.com/leaderboard#t-t_134-singles_01_501_si_do-all-all-all-all-all
2021,Dart Players Tennessee,63.8,85.3 34.8,https://leaderboard.dartconnect.com/leaderboard#t-t_130-singles_01_501_si_do-all-all-all-all-all
2021,Dart Players Texas,62.3,91.4 27.0,https://leaderboard.dartconnect.com/leaderboard#t-t_124-singles_01_501_si_do-all-all-all-all-all
2021,Dart Players Australia - ACT Bubble,61.9,81.0 43.3,https://leaderboard.dartconnect.com/leaderboard#t-t_135-singles_01_501_si_do-all-all-all-all-all
2021,Dart Players Australia - NSW Bubble,58.5,89.3 30.2,https://leaderboard.dartconnect.com/leaderboard#t-t_128-singles_01_501_si_do-all-all-all-all-all
2021,Dart Players Australia - Queensland Bubble,63.2,102.2 28.1,https://leaderboard.dartconnect.com/leaderboard#t-t_126-singles_01_501_si_do-all-all-all-all-all
2021,Dart Players Australia - SA Bubble,64.0,87.0 40.7,https://leaderboard.dartconnect.com/leaderboard#t-t_136-singles_01_501_si_do-all-all-all-all-all
2021,Dart Players Australia - Victoria Bubble,65.9,97.5 34.2,https://leaderboard.dartconnect.com/leaderboard#t-t_129-singles_01_501_si_do-all-all-all-all-all
2021,Dart Players Australia - WA Bubble,68.4,95.6 45.1,https://leaderboard.dartconnect.com/leaderboard#t-t_127-singles_01_501_si_do-all-all-all-all-all
2021,Dart Players Australia Satellite Tour,63.1,87.0 40.7,https://leaderboard.dartconnect.com/leaderboard/#t-a_dpasat21-all_01-all-all-all-all-tournament
2021,WDF DartConnect Events 2021,65.9,140.9 24.7,https://leaderboard.dartconnect.com/leaderboard#t-t_177-singles_01_501_si_do-all-all-all-all-all
2020,Junior Darts Corporation Tour,62.1,92.6 35.4,https://leaderboard.dartconnect.com/leaderboard#t-t_112-singles_01_501_si_do-all-all-all-all-all
2020,PDC Autumn Series 2020,90.8,109.2 30.6,https://leaderboard.dartconnect.com/leaderboard/#t-a_pdcautumnseries20-all_01-all-all-all-all-tournament
2020,PDC Challenge Tour,81.2,104.9 46.5,https://leaderboard.dartconnect.com/leaderboard#t-t_85-singles_01_501_si_do-all-all-all-all-all
2020,PDC Development Tour,73.2,103.2 35.1,https://leaderboard.dartconnect.com/leaderboard#t-t_88-singles_01_501_si_do-all-all-all-all-all
2020,PDC European Tour - Card Holder Qualifiers,84.6,104.9 50.0,https://leaderboard.dartconnect.com/leaderboard#t-t_91-singles_01_501_si_do-all-all-all-all-all
2020,PDC Nordic & Baltic Euro Qualifier,76.3,94.7 52.1,https://leaderboard.dartconnect.com/leaderboard#t-t_80-singles_01_501_si_do-all-all-all-all-all
2020,PDC Nordic & Baltic Pro Tour,72.8,96.6 52.4,https://leaderboard.dartconnect.com/leaderboard#t-t_108-singles_01_501_si_do-all-all-all-all-all
2020,PDC Players Championship Tour,91.9,162.8 30.6,https://leaderboard.dartconnect.com/leaderboard#t-t_106-singles_01_501_si_do-all-all-all-all-all
2020,PDC Qualifying School 2020,78.1,103.8 41.4,https://leaderboard.dartconnect.com/leaderboard#t-t_84-singles_01_501_si_do-all-all-all-all-all
2020,PDC Women's Series,63.6,92.0 38.2,https://leaderboard.dartconnect.com/leaderboard#t-t_121-singles_01_501_si_do-all-all-all-all-all
2020,Scottish Youth U18 Tour,46.3,75.2 19.6,https://leaderboard.dartconnect.com/leaderboard#t-t_113-singles_01_501_si_do-all-all-all-all-all
2020,Stigamót 2020,52.6,76.2 26.1,https://leaderboard.dartconnect.com/leaderboard#t-t_105-singles_01_501_si_do-all-all-all-all-all
2020,The Manhattan Masters,53.9,78.7 40.6,https://leaderboard.dartconnect.com/leaderboard#t-t_109-singles_01_501_si_do-all-all-all-all-all
2020,CDC 2020 Cyber Series,81.7,91.8 62.9,https://leaderboard.dartconnect.com/leaderboard#t-t_120-singles_01_501_si_do-all-all-all-all-all
2020,CDC Canadian Series,82.8,95.5 66.2,https://leaderboard.dartconnect.com/leaderboard#t-t_122-singles_01_501_si_do-all-all-all-all-all
2020,CDC Qualifying School,65.2,90.4 42.2,https://leaderboard.dartconnect.com/leaderboard#t-t_74-singles_01_501_si_do-all-all-all-all-all
2020,CDC USA & Canada Tour Events,80.5,97.3 55.9,https://leaderboard.dartconnect.com/leaderboard/#t-a_cdc2020usca-all_01-all-all-all-all-tournament
2020,CDC USA Series,79.3,97.3 55.9,https://leaderboard.dartconnect.com/leaderboard#t-t_123-singles_01_501_si_do-all-all-all-all-all
2020,Mr Connecticut,51.8,79.4 31.6,https://leaderboard.dartconnect.com/leaderboard#t-t_81-singles_01_301_di_do-all-all-all-all-all
2020,Dart Madness Tour,52.8,85.1 16.1,https://leaderboard.dartconnect.com/leaderboard#t-t_107-singles_01_501_si_do-all-all-all-all-all
2020,Dart Players Colorado,63.5,100.0 42.3,https://leaderboard.dartconnect.com/leaderboard#t-t_89-singles_01_501_si_do-all-all-all-all-all
2020,Dart Players Los Angeles,64.7,84.5 44.3,https://leaderboard.dartconnect.com/leaderboard#t-t_95-singles_01_501_si_do-all-all-all-all-all
2020,Dart Players New England,62.4,81.2 40.9,https://leaderboard.dartconnect.com/leaderboard#t-t_87-singles_01_501_si_do-all-all-all-all-all
2020,Dart Players New York,63.2,87.5 40.3,https://leaderboard.dartconnect.com/leaderboard#t-t_51-singles_01_501_si_do-all-all-all-all-all
2020,Dart Players New York,63.4,82.8 36.3,https://leaderboard.dartconnect.com/leaderboard#t-t_86-singles_01_501_si_do-all-all-all-all-all
2020,Dart Players Ohio,66.3,85.6 50.0,https://leaderboard.dartconnect.com/leaderboard#t-t_110-singles_01_501_si_do-all-all-all-all-all
2020,Dart Players Pittsburgh,61.5,80.2 43.2,https://leaderboard.dartconnect.com/leaderboard#t-t_94-singles_01_501_si_do-all-all-all-all-all
2020,Dart Players Texas,62.8,87.8 44.8,https://leaderboard.dartconnect.com/leaderboard#t-t_102-singles_01_501_si_do-all-all-all-all-all
2020,Dart Players Australia,46.2,66.5 24.8,https://leaderboard.dartconnect.com/leaderboard#t-t_111-singles_01_501_si_do-all-all-all-all-all
2020,Dart Players Australia,68.9,101.4 40.9,https://leaderboard.dartconnect.com/leaderboard#t-t_93-singles_01_501_si_do-all-all-all-all-all
2020,Dart Players Australia,56.3,82.6 33.6,https://leaderboard.dartconnect.com/leaderboard#t-t_104-singles_01_501_si_do-all-all-all-all-all
2020,PDC Home Tour,90.4,107.8 74.5,https://leaderboard.dartconnect.com/leaderboard#t-t_119-singles_01_501_si_do-all-all-all-all-all
2019,PDC Asian Tour,70.3,103.1 37.4,https://leaderboard.dartconnect.com/leaderboard#t-t_45-singles_01_501_si_do-all-all-all-all-all
2019,Baltic Professional Darts League,64.9,79.5 37.3,https://leaderboard.dartconnect.com/leaderboard#t-t_77-singles_01_501_si_do-all-all-all-all-all
2019,Junior Darts Corporation Super 16,65.4,93.5 30.7,https://leaderboard.dartconnect.com/leaderboard#t-t_82-singles_01_501_si_do-all-all-all-all-all
2019,Junior Darts Corporation Tour,62.8,102.6 35.4,https://leaderboard.dartconnect.com/leaderboard#t-t_47-singles_01_501_si_do-all-all-all-all-all
2019,PDC Challenge Tour,81.2,107.3 43.4,https://leaderboard.dartconnect.com/leaderboard#t-t_48-singles_01_501_si_do-all-all-all-all-all
2019,PDC Development Tour,73.9,144.2 42.5,https://leaderboard.dartconnect.com/leaderboard#t-t_49-singles_01_501_si_do-all-all-all-all-all
2019,PDC European Tour Euro Qualifiers,79.2,105.0 36.8,https://leaderboard.dartconnect.com/leaderboard#t-t_61-singles_01_501_si_do-all-all-all-all-all
2019,PDC European Tour Nordic & Baltic Qualifiers,75.2,96.3 49.5,https://leaderboard.dartconnect.com/leaderboard#t-t_57-singles_01_501_si_do-all-all-all-all-all
2019,PDC European Tour UK Qualifiers,89.4,108.0 68.3,https://leaderboard.dartconnect.com/leaderboard#t-t_60-singles_01_501_si_do-all-all-all-all-all
2019,PDC Nordic & Baltic Pro Tour,74.4,99.2 35.7,https://leaderboard.dartconnect.com/leaderboard#t-t_55-singles_01_501_si_do-all-all-all-all-all
2019,PDC Players Championship Tour,91.5,115.2 67.0,https://leaderboard.dartconnect.com/leaderboard#t-t_50-singles_01_501_si_do-all-all-all-all-all
2019,PDC Pro Tour Qualifying School,78.0,105.5 45.3,https://leaderboard.dartconnect.com/leaderboard#t-t_46-singles_01_501_si_do-all-all-all-all-all
2019,PFR Platti & Skjöldur,48.9,81.9 30.1,https://leaderboard.dartconnect.com/leaderboard#t-t_62-singles_01_301_si_do-all-all-all-all-all
2019,CDC Event Qualifiers Tour,62.5,97.4 38.2,https://leaderboard.dartconnect.com/leaderboard#t-t_67-singles_01_501_si_do-all-all-all-all-all
2019,CDC Evolution Tour,60.7,80.8 34.9,https://leaderboard.dartconnect.com/leaderboard#t-t_70-singles_01_501_si_do-all-all-all-all-all
2019,CDC Junior Tour,53.9,77.8 29.1,https://leaderboard.dartconnect.com/leaderboard#t-t_71-singles_01_501_si_do-all-all-all-all-all
2019,CDC Main Events Tour,78.0,100.6 44.0,https://leaderboard.dartconnect.com/leaderboard#t-t_68-singles_01_501_si_do-all-all-all-all-all
2019,CDC Qualifying School,66.0,91.8 44.5,https://leaderboard.dartconnect.com/leaderboard#t-t_42-singles_01_501_si_do-all-all-all-all-all
2019,North America WS Qualifiers,70.5,110.6 39.5,https://leaderboard.dartconnect.com/leaderboard#t-t_76-singles_01_501_si_do-all-all-all-all-all
2019,PDC North American Power Index,"",https://leaderboard.dartconnect.com/leaderboard/#t-a_napowerindex2019-singles_01_501_si_do-all-all-all-3-tournament
2019,ScotDarts,57.0,85.7 29.1,https://leaderboard.dartconnect.com/leaderboard#t-t_79-singles_01_501_si_do-all-all-all-all-all
2019,Team Elite 1,"",https://leaderboard.dartconnect.com/leaderboard/#t-a_elite2019-all_01-all-all-all-all-tournament
2019,Dart Madness Tour,58.0,83.1 31.1,https://leaderboard.dartconnect.com/leaderboard#t-t_66-singles_01_501_si_do-all-all-all-all-all
2019,Dart Player Northern California,61.8,74.5 38.0,https://leaderboard.dartconnect.com/leaderboard#t-t_64-singles_01_501_si_do-all-all-all-all-all
2019,Dart Players Chicago,64.6,84.4 36.1,https://leaderboard.dartconnect.com/leaderboard#t-t_69-singles_01_501_si_do-all-all-all-all-all
2019,Dart Players Colorado,60.9,85.5 16.6,https://leaderboard.dartconnect.com/leaderboard#t-t_53-singles_01_501_si_do-all-all-all-all-all
2019,Dart Players Los Angeles,65.4,88.1 40.8,https://leaderboard.dartconnect.com/leaderboard#t-t_52-singles_01_501_si_do-all-all-all-all-all
2019,Dart Players New England,65.2,92.2 42.5,https://leaderboard.dartconnect.com/leaderboard#t-t_65-singles_01_501_si_do-all-all-all-all-all
2019,Dart Players Pittsburgh,61.4,77.4 40.3,https://leaderboard.dartconnect.com/leaderboard#t-t_56-singles_01_501_si_do-all-all-all-all-all
2019,Dart Players Texas,59.8,92.8 33.4,https://leaderboard.dartconnect.com/leaderboard#t-t_73-singles_01_501_si_do-all-all-all-all-all
2019,Dart Players Australia,69.6,97.5 29.3,https://leaderboard.dartconnect.com/leaderboard#t-t_54-singles_01_501_si_do-all-all-all-all-all
2019,Tasmania Challenge Tour 2019,48.2,77.0 27.9,https://leaderboard.dartconnect.com/leaderboard#t-t_75-singles_01_501_si_do-all-all-all-all-all
2019,Team 8 Flight,"",https://leaderboard.dartconnect.com/leaderboard/#t-a_8flight2019-all_01-all-all-all-all-tournament
2019,WDF World Cup 2019,63.6,94.8 29.1,https://leaderboard.dartconnect.com/leaderboard#t-t_78-singles_01_501_si_do-all-all-all-all-all
2018,PDC Asian Tour,70.9,103.1 33.7,https://leaderboard.dartconnect.com/leaderboard#t-t_31-singles_01_501_di_do-all-all-all-all-all
2018,JDC Tour,63.0,91.7 34.1,https://leaderboard.dartconnect.com/leaderboard#t-t_38-singles_01_501_di_do-all-all-all-all-all
2018,PDC Challenge Tour,81.2,104.1 50.7,https://leaderboard.dartconnect.com/leaderboard#t-t_25-singles_01_501_si_do-all-all-all-all-all
2018,PDC Development Tour,74.0,161.4 43.9,https://leaderboard.dartconnect.com/leaderboard#t-t_26-singles_01_501_si_do-all-all-all-all-all
2018,PDC European Tour UK Qualifiers,89.3,108.4 75.7,https://leaderboard.dartconnect.com/leaderboard#t-t_27-singles_01_501_si_do-all-all-all-all-all
2018,PDC Nordic & Baltic Pro Tour,76.1,93.6 40.3,https://leaderboard.dartconnect.com/leaderboard#t-t_43-singles_01_501_di_do-all-all-all-all-all
2018,PDC Players Championship,90.9,110.8 73.2,https://leaderboard.dartconnect.com/leaderboard#t-t_21-singles_01_501_si_do-all-all-all-all-all
2018,Professional Darts League - Latvia,67.4,81.7 47.4,https://leaderboard.dartconnect.com/leaderboard#t-t_39-singles_01_501_si_do-all-all-all-all-all
2018,CDC Event Qualifiers Tour,58.6,82.4 33.1,https://leaderboard.dartconnect.com/leaderboard#t-t_32-singles_01_501_si_do-all-all-all-all-all
2018,CDC Evolution Tour,59.5,85.3 38.3,https://leaderboard.dartconnect.com/leaderboard#t-t_36-singles_01_501_si_do-all-all-all-all-all
2018,CDC Main Events Tour,73.2,94.3 47.0,https://leaderboard.dartconnect.com/leaderboard#t-t_33-singles_01_501_si_do-all-all-all-all-all
2018,Dart Players North America,63.3,90.1 36.2,https://leaderboard.dartconnect.com/leaderboard/#t-a_dpna2018-all_01-all-all-all-all-tournament
2018,Dart Players North America - Grand Finals,66.8,84.7 50.4,https://leaderboard.dartconnect.com/leaderboard/#t-a_dpnagf18-all_01-all-all-all-all-tournament
2018,PDC North American Power Index,"",https://leaderboard.dartconnect.com/leaderboard/#t-a_napowerindex2018-singles_01_501_si_do-all-all-all-all-tournament
2018,PDC World Series of Darts,90.9,103.5 78.7,https://leaderboard.dartconnect.com/leaderboard#t-t_40-singles_01_501_si_do-all-all-all-all-all
2018,World Series Qualifiers 2018,70.6,97.4 39.0,https://leaderboard.dartconnect.com/leaderboard#t-t_37-singles_01_501_si_do-all-all-all-all-all
2018,Dart Player Northern California,61.9,75.1 46.4,https://leaderboard.dartconnect.com/leaderboard#t-t_29-singles_01_501_si_do-all-all-all-all-all
2018,Dart Players Chicago,64.4,89.9 47.0,https://leaderboard.dartconnect.com/leaderboard#t-t_24-singles_01_501_si_do-all-all-all-all-all
2018,Dart Players Colorado,59.0,76.7 44.1,https://leaderboard.dartconnect.com/leaderboard#t-t_23-singles_01_501_si_do-all-all-all-all-all
2018,Dart Players Los Angeles,63.8,90.1 42.2,https://leaderboard.dartconnect.com/leaderboard#t-t_20-singles_01_501_si_do-all-all-all-all-all
2018,Dart Players New England,63.8,84.1 36.2,https://leaderboard.dartconnect.com/leaderboard#t-t_22-singles_01_501_si_do-all-all-all-all-all
2018,Dart Players New York,63.9,84.7 41.2,https://leaderboard.dartconnect.com/leaderboard#t-t_18-singles_01_501_si_do-all-all-all-all-all
2017,2017 PDC Power Index,61.0,138.2 16.2,https://leaderboard.dartconnect.com/leaderboard/#t-a_pdc2017-all_01-all-all-all-all-tournament
2017,CDC Qualifying School,64.5,81.8 45.6,https://leaderboard.dartconnect.com/leaderboard#t-t_15-singles_01_501_si_do-all-all-all-all-all
